1,2,3,4,5,6,7,8,9,10,11,12,13,14,15,16
D,K,K,O,L,A,K,P,I,S,A,N,G,J,O,N
Q,A,P,U,J,C,H,S,Q,U,F,V,O,N,A,L
O,A,J,M,R,B,J,T,E,X,U,V,R,S,T,G
D,R,P,F,Y,M,U,X,H,I,C,T,E,O,X,T
M,L,V,N,K ,P,A,K,H,T,I,Q,N,G,G,E
E,S,B,U,A ,H,I,A,F,W,Q,N,G,X,U,H
N,M,B,C,R,D,P,P,I,O,G,T,A,Y,Y,M
D,J,B,I,G,U,H,R,H,C,T,P,N,K,T,A
O,S,C,N,T,V,U,U,F,P,M,K,Y,N,P,N
A,T,D,C,L,S,R,D,P,W,B,G,S,N,X,I
N,B,M,A,N,I,H,J,T,C,J,E,P,J,N,S
K,P,T,U,P,R,H,D,J,O,L,A,D,A,I,Q
X,R,M,S,M,U,L,I,T,O,X,U,J,M,M,F
R,I,I,U,V,P,H,J,S,R,C,R,Q,E,W,U
T,X,M,S,H,D,T,I,W,S,A,C,K,G,B,P
X,F,B,U,B,U,R,S,U,M,S,U,M,H,U,I
